station_id,Location name,ESMI_ID,District,State,Lat,Lon,era_min_time,era_max_time,era_lat,era_lon
1,5th phase JP Nagar,,Bengaluru Urban,Karnataka,12.90109183,77.58914966,2016-06-01,2017-07-01,12.9,77.6
2,80 feet road,,Dhule,Maharashtra,20.89519943,74.7759818,2015-08-01,2018-11-01,20.9,74.8
3,Adarsh Nagar ,,Saharsa,Bihar,25.88350653,86.6149189,2016-02-01,2017-02-01,25.9,86.6
4,Adgaon,,Nashik,Maharashtra,20.03718415,73.85013615,2018-04-01,2019-01-01,20.0,73.9
5,Agarchitti,,Chamoli,Uttarakhand,30.01611644,79.3087354,2016-10-01,2017-07-01,30.0,79.3
6,Agarwal Mohalla Jarwal Kasba,,Bahraich,Uttar Pradesh,27.5745663,81.60125142,2017-12-01,2019-01-01,27.6,81.6
7,Agri road Chidambaram,,Cuddalore,Tamil Nadu,11.39068363,79.72175538,2018-03-01,2019-01-01,11.4,79.7
8,Aishbagh,,Lucknow,Uttar Pradesh,26.84126749,80.90386321,2017-10-01,2018-11-01,26.8,80.9
9,Ajekar,,Udupi,Karnataka,13.32050918,74.99880704,2014-12-01,2015-06-01,13.3,75.0
10,Akoli Jehangir ,,Akola,Maharashtra,21.15483668,77.11846612,2014-09-01,2015-04-01,21.2,77.1
11,Akot ,,Akola,Maharashtra,21.09598742,77.05470386,2014-10-01,2017-02-01,21.1,77.1
12,Alambagh,,Lucknow,Uttar Pradesh,26.80801799,80.89713709,2014-10-01,2019-01-01,26.8,80.9
13,Alandur,,Chennai,Tamil Nadu,13.0008823,80.19930343,2014-09-01,2019-01-01,13.0,80.2
14,Aliganj,,Lucknow,Uttar Pradesh,26.89770276,80.94634345,2016-05-01,2019-01-01,26.9,80.9
15,Alipur Road,,Kolkata,West Bengal,22.52821233,88.33302228,2014-11-01,2016-06-01,22.5,88.3
16,Allipur,,Fatehpur,Uttar Pradesh,25.77271525,81.24369716,2016-11-01,2019-01-01,25.8,81.2
17,Amar Nagar,,Nagpur,Maharashtra,21.10087868,79.11072152,2014-11-01,2019-01-01,21.1,79.1
18,Ambathur Chennai,,Thiruvallur,Tamil Nadu,13.11873319,80.14558912,2018-03-01,2019-01-01,13.1,80.1
20,Amoni,,Bhopal,Madhya Pradesh,23.36816561,77.54215302,2017-02-01,2018-11-01,23.4,77.5
21,Anand Nagar Sitapur,,Sitapur,Uttar Pradesh,27.56551131,80.69731311,2018-01-01,2019-01-01,27.6,80.7
22,Anegundi,,Koppal,Karnataka,15.3526957,76.49206813,2017-02-01,2017-09-01,15.4,76.5
23,Angol,,Belgaum,Karnataka,15.82390411,74.50536576,2015-09-01,2019-01-01,15.8,74.5
24,Anjad,,Barwani,Madhya Pradesh,22.0426494,75.05567134,2015-08-01,2017-11-01,22.0,75.1
25,Arera Colony ,,Bhopal,Madhya Pradesh,23.211293,77.43422528,2015-07-01,2019-01-01,23.2,77.4
26,Arjun Nagar,,Ghaziabad,Uttar Pradesh,28.6589157,77.4320992,2016-04-01,2019-01-01,28.7,77.4
27,Arvind Marg,,Dehradun,Uttarakhand,30.33452201,78.05902906,2016-10-01,2019-01-01,30.3,78.1
28,ASEB Campus,,Guwahati,Assam,26.15030488,91.76251583,2016-11-01,2018-04-01,26.2,91.8
29,Ashiana,,Lucknow,Uttar Pradesh,26.78748245,80.91498766,2017-10-01,2018-12-01,26.8,80.9
30,Ashok Nagar ,,Nashik,Maharashtra,19.98824727,73.71750658,2015-09-01,2019-01-01,20.0,73.7
31,Ashoka Garden Bhopal,,Bhopal,Madhya Pradesh,23.25515676,77.43005477,2017-02-01,2019-01-01,23.3,77.4
32,Aundh,,Pune,Maharashtra,18.55773612,73.80588097,2014-09-01,2019-01-01,18.6,73.8
33,Avadi Chennai,,Thiruvallur,Tamil Nadu,13.11236984,80.0893033,2017-12-01,2019-01-01,13.1,80.1
34,Awali,,Barwani,Madhya Pradesh,22.07918027,75.02266134,2015-08-01,2016-06-01,22.1,75.0
35,Awas Vikas colony Barabanki,,Barabanki,Uttar Pradesh,26.91753358,81.17712705,2017-12-01,2019-01-01,26.9,81.2
36,Badgujar Colony ,,Dhule,Maharashtra,20.9325046,74.7740825,2015-08-01,2019-01-01,20.9,74.8
37,Bag Kala Lan Saharanpur ,,Saharanpur,Uttar Pradesh,29.96567162,77.52377267,2016-12-01,2017-03-01,30.0,77.5
38,Bagh Farahat Afza Bhopal,,Bhopal,Madhya Pradesh,23.25809485,77.42511524,2017-06-01,2018-03-01,23.3,77.4
39,Baghru ,,Jaipur,Rajasthan,26.81179206,75.55027528,2015-11-01,2019-01-01,26.8,75.6
40,Bagodar,,Giridih,Jharkhand,24.07784757,85.83067118,2017-04-01,2018-02-01,24.1,85.8
41,Bahadurpur,,Bahraich,Uttar Pradesh,27.53504413,81.62450394,2017-12-01,2019-01-01,27.5,81.6
42,Baijnathpur,,Saharsa,Bihar,25.890444,86.64493456,2016-01-01,2019-01-01,25.9,86.6
43,Bail Bazar,,Thane,Maharashtra,19.23735451,73.12548363,2015-08-01,2018-07-01,19.2,73.1
44,Bajirao Road,,Pune,Maharashtra,18.51099092,73.85341769,2014-09-01,2019-01-01,18.5,73.9
45,Balaji Nagar,,Akola,Maharashtra,20.71498661,76.96890652,2014-10-01,2018-01-01,20.7,77.0
46,Baluaha,,Saharsa,Bihar,25.88347072,86.45497813,2016-01-01,2017-01-01,25.9,86.5
47,Bamunimaidan,,Guwahati,Assam,26.18634742,91.78948776,2016-11-01,2019-01-01,26.2,91.8
48,Baner,,Pune,Maharashtra,18.55992891,73.78388672,2014-09-01,2019-01-01,18.6,73.8
49,Bangaon,,Saharsa,Bihar,25.86642813,86.51280429,2016-02-01,2017-11-01,25.9,86.5
50,Bangi Kunta Raichur,,Raichur,Karnataka,16.20668853,77.3612175,2018-02-01,2019-01-01,16.2,77.4
52,Bank Colony,,Sasaram,Bihar,24.95135149,84.00110069,2016-04-01,2018-04-01,25.0,84.0
53,Baramati,,Pune,Maharashtra,18.18078997,74.5917106,2014-10-01,2018-08-01,18.2,74.6
54,Barapal,,Udaipur,Rajasthan,24.38630518,73.63825877,2016-05-01,2016-09-01,24.4,73.6
55,Baraulia,,Barabanki,Uttar Pradesh,26.99647595,81.4888011,2017-11-01,2018-10-01,27.0,81.5
56,Bardaha,,Bahraich,Uttar Pradesh,27.80879291,81.4127413,2018-04-01,2019-01-01,27.8,81.4
57,Bari Bag Saharanpur,,Saharanpur,Uttar Pradesh,29.96664606,77.56208735,2016-12-01,2019-01-01,30.0,77.6
58,Barra 2,,Kanpur,Uttar Pradesh,26.43465751,80.30154314,2015-07-01,2015-09-01,26.4,80.3
59,Barra ,,Kanpur,Uttar Pradesh,26.43465751,80.30154314,2015-07-01,2017-09-01,26.4,80.3
60,Basaweshwara Nagar,,Bengaluru Urban,Karnataka,12.99141592,77.53995035,2015-08-01,2017-09-01,13.0,77.5
61,Bashirganj Bahraich,,Bahraich,Uttar Pradesh,27.58014018,81.58421521,2017-10-01,2018-10-01,27.6,81.6
62,Belguria,,Kolkata,West Bengal,22.66550982,88.3870016,2014-11-01,2015-05-01,22.7,88.4
63,Belhara,,Barabanki,Uttar Pradesh,27.24747106,81.24059436,2017-11-01,2018-09-01,27.2,81.2
65,Besa,,Nagpur,Maharashtra,21.08701093,79.08872136,2015-09-01,2019-01-01,21.1,79.1
67,Bethora,,North Goa,Goa,15.38889624,74.02721893,2016-01-01,2019-01-01,15.4,74.0
68,Bhadupur Sidhauli,,Sitapur,Uttar Pradesh,27.28596747,80.85029529,2017-09-01,2019-01-01,27.3,80.9
69,Bhagrahan Tola Nanpara ,,Bahraich,Uttar Pradesh,27.87461772,81.48998704,2017-10-01,2018-07-01,27.9,81.5
70,Bhagyanagar,,Belgaum,Karnataka,15.82888217,74.5058591,2014-09-01,2019-01-01,15.8,74.5
71,Bhairav Talab ,,Varanasi,Uttar Pradesh,25.28750961,82.8488257,2015-07-01,2016-05-01,25.3,82.8
72,Bhajanpura,,North East Delhi,Delhi,28.70016123,77.26070656,2015-04-01,2019-01-01,28.7,77.3
73,Bhaji market,,Dhule,Maharashtra,20.9065582,74.75868721,2015-08-01,2017-01-01,20.9,74.8
74,Bhatbigha,,Hazaribagh,Jharkhand,24.38097062,85.4017871,2018-02-01,2019-01-01,24.4,85.4
75,Bhatghar ,,Satara,Maharashtra,18.16544084,73.85562305,2014-11-01,2016-11-01,18.2,73.9
76,Bhattha Mehmoodabad,,Sitapur,Uttar Pradesh,27.29463748,81.12009645,2017-10-01,2019-01-01,27.3,81.1
77,Bhavaniyapur Baharaich,,Bahraich,Uttar Pradesh,28.03205644,81.62436765,2017-10-01,2019-01-01,28.0,81.6
78,Bhendali,,Nashik,Maharashtra,19.97230507,74.06110709,2018-04-01,2019-01-01,20.0,74.1
79,Bhimatangi Housing Colony Bhubaneswar,,Khordha,Odisha,20.23671836,85.82085681,2017-10-01,2019-01-01,20.2,85.8
81,Bhosari,,Pune,Maharashtra,18.63296389,73.84801811,2014-09-01,2019-01-01,18.6,73.8
82,Bhupauli,,Chandauli ,Uttar Pradesh,25.34269662,83.17048373,2015-07-01,2016-03-01,25.3,83.2
83,Bibwewadi ,,Pune,Maharashtra,18.46852725,73.8737372,2015-07-01,2019-01-01,18.5,73.9
84,Birhana Road,,Kanpur,Uttar Pradesh,26.46273361,80.35442154,2015-07-01,2016-06-01,26.5,80.4
85,Biswan,,Sitapur,Uttar Pradesh,27.49357456,80.99588927,2018-01-01,2019-01-01,27.5,81.0
86,Bodireddypally,,Prakasam,Andhra Pradesh,15.90374042,79.31677226,2016-01-01,2019-01-01,15.9,79.3
87,Boiguda,,Hyderabad,Telangana,17.42826004,78.4992189,2015-11-01,2018-02-01,17.4,78.5
89,Brahmpuri,,Udaipur,Rajasthan,24.57742234,73.69293966,2016-05-01,2018-06-01,24.6,73.7
90,Brandawan,,Barabanki,Uttar Pradesh,26.93974454,81.19798785,2017-11-01,2019-01-01,26.9,81.2
91,BTM Layout,,Bengaluru Urban,Karnataka,12.91468881,77.61130332,2014-10-01,2017-07-01,12.9,77.6
92,Capital Electrical Subdivision,,Guwahati,Assam,26.14168261,91.78720489,2016-11-01,2019-01-01,26.1,91.8
94,Chakia,,Chandauli,Uttar Pradesh,25.05690034,83.22459689,2015-10-01,2016-04-01,25.1,83.2
95,Chandikapur,,Akola,Maharashtra,20.98300105,77.5078143,2014-10-01,2018-05-01,21.0,77.5
96,Chandori,,Nashik,Maharashtra,20.0250979,73.99864664,2018-04-01,2019-01-01,20.0,74.0
97,Chandra Layout,,Bengaluru Urban,Karnataka,12.95327145,77.52353936,2014-11-01,2018-07-01,13.0,77.5
98,Chandrasekharpur Bhubaneswar,,Khordha,Odisha,20.32985647,85.81383097,2017-11-01,2019-01-01,20.3,85.8
99,Chatali Village,,Barwani,Madhya Pradesh,21.67175334,75.03459326,2015-12-01,2018-07-01,21.7,75.0
100,Chatali,,Barwani,Madhya Pradesh,21.67184487,75.03392816,2016-01-01,2017-01-01,21.7,75.0
101,Chatori,,Nashik,Maharashtra,19.99464484,73.99533579,2018-04-01,2019-01-01,20.0,74.0
102,Chhota Badada ,,Barwani,Madhya Pradesh,22.03827771,74.904031,2015-08-01,2017-12-01,22.0,74.9
103,Chichaliya ,,Barwani,Madhya Pradesh,22.09817706,75.58861816,2015-09-01,2015-11-01,22.1,75.6
104,Chirgaon,,Jhansi,Uttar Pradesh,25.57386885,78.81891825,2016-12-01,2017-11-01,25.6,78.8
105,Chitegaon phata,,Nashik,Maharashtra,19.74018289,75.30196632,2018-04-01,2019-01-01,19.7,75.3
106,Chitlapakkam Chennai,,Kancheepuram,Tamil Nadu,12.93499789,80.14353326,2017-11-01,2018-11-01,12.9,80.1
107,Chouksey Nagar Bhopal,,Bhopal,Madhya Pradesh,23.27708916,77.404817,2017-02-01,2019-01-01,23.3,77.4
108,Chowk Bazar Jarwal Kasba,,Bahraich,Uttar Pradesh,27.57485766,81.59932256,2017-10-01,2019-01-01,27.6,81.6
109,Chunaitee Gara,,Saharanpur,Uttar Pradesh,29.96376789,77.55531046,2016-11-01,2019-01-01,30.0,77.6
110,Civil Line,,Kanpur,Uttar Pradesh,26.47325628,80.35636776,2015-07-01,2017-11-01,26.5,80.4
111,Civil line,,Fatehpur,Uttar Pradesh,25.92561407,80.80342309,2016-12-01,2017-10-01,25.9,80.8
112,Civil Lines ,,Jaipur,Rajasthan,26.90745991,75.78264405,2015-11-01,2019-01-01,26.9,75.8
113,Civil lines Jhansi ,,Jhansi,Uttar Pradesh,25.44432972,78.5703458,2016-11-01,2017-05-01,25.4,78.6
115,Congress Nagar,,Nagpur,Maharashtra,21.13258935,79.08440136,2015-11-01,2019-01-01,21.1,79.1
116,Congress Road,,Belgaum,Karnataka,15.83814416,74.50174503,2016-04-01,2019-01-01,15.8,74.5
117,Cuncolim,,South Goa,Goa,15.18563625,74.0058115,2016-02-01,2019-01-01,15.2,74.0
118,Curti Ponda,,North Goa,Goa,15.4248499,74.02238142,2015-12-01,2018-08-01,15.4,74.0
119,Dandia Bazar Vadodara,,Vadodara,Gujarat,22.30156076,73.19743886,2017-02-01,2019-01-01,22.3,73.2
120,Dariyabad,,Barabanki,Uttar Pradesh,26.8857687,81.55593392,2017-11-01,2018-11-01,26.9,81.6
121,Dashehrabagh Barabanki,,Barabanki,Uttar Pradesh,26.93861855,81.1959233,2017-11-01,2019-01-01,26.9,81.2
122,Datalpara,,Guwahati,Assam,26.12976451,91.72208111,2016-11-01,2019-01-01,26.1,91.7
123,Daudpur,,Chandauli,Uttar Pradesh,25.03092999,83.14272761,2015-10-01,2015-12-01,25.0,83.1
124,Debari Village,,Udaipur,Rajasthan,24.60278384,73.81640198,2016-06-01,2017-08-01,24.6,73.8
125,Devangana Hazaribagh,,Hazaribagh,Jharkhand,23.99493465,85.36546372,2018-03-01,2019-01-01,24.0,85.4
127,Devtapur,,Sitapur,Uttar Pradesh,27.56964894,81.09151214,2015-07-01,2018-07-01,27.6,81.1
128,Dhakuria Kolkata,,Kolkata,West Bengal,22.50817279,88.3636362,2017-03-01,2019-01-01,22.5,88.4
129,Dhaneja,,Chandauli,Uttar Pradesh,25.18890372,83.21262134,2015-10-01,2017-06-01,25.2,83.2
130,Dhangar Toli Chatra ,,Chatra,Jharkhand,24.2050015,84.87215966,2017-03-01,2017-06-01,24.2,84.9
131,Dhanoli Agra,,Agra,Uttar Pradesh,27.17991484,78.01989285,2016-11-01,2018-05-01,27.2,78.0
132,Dhanwa Ramsahaypurwa Bahraich ,,Bahraich,Uttar Pradesh,27.70231121,81.32303886,2017-10-01,2018-03-01,27.7,81.3
133,Dharampur,,Sitapur,Uttar Pradesh,28.9383579,78.92633098,2016-07-01,2018-07-01,28.9,78.9
134,Dhawatand,,Giridih,Jharkhand,24.188007,86.28726105,2017-04-01,2017-06-01,24.2,86.3
135,Dondolo,,Giridih,Jharkhand,24.188007,86.28726105,2017-04-01,2018-07-01,24.2,86.3
136,Dumar,,Hazaribagh,Jharkhand,23.91415969,85.49563473,2017-08-01,2017-11-01,23.9,85.5
137,Fatehpur,,Barabanki,Uttar Pradesh,27.17394843,81.21224629,2017-11-01,2019-01-01,27.2,81.2
138,Fazalganj,,Sasaram,Bihar,24.95496283,83.99858329,2015-12-01,2018-12-01,25.0,84.0
140,Gachibowli ,,Hyderabad,Telangana,17.44298616,78.33711266,2015-10-01,2019-01-01,17.4,78.3
141,Gajipur ,,Akola,Maharashtra,20.702484,77.02414989,2014-10-01,2016-03-01,20.7,77.0
142,Galagihulukoppa,,Dharwad,Karnataka,15.46365754,74.99466058,2017-02-01,2017-07-01,15.5,75.0
143,Gandhi Nagar  Semmandalam,,Cuddalore,Tamil Nadu,11.76234103,79.74899696,2017-12-01,2018-06-01,11.8,79.7
144,Ganeshpur,,Barabanki,Uttar Pradesh,26.89875669,81.14399611,2017-10-01,2019-01-01,26.9,81.1
145,Gangjala,,Saharsa,Bihar,25.88435826,86.59998899,2016-02-01,2017-09-01,25.9,86.6
146,Garladinne,,Anantpur,Andhra Pradesh,14.82373144,77.59601775,2014-12-01,2019-01-01,14.8,77.6
147,Ghulam Ali Pura Bahraich,,Bahraich,Uttar Pradesh,27.58682599,81.59360107,2017-10-01,2018-07-01,27.6,81.6
149,GNB road,,Guwahati,Assam,26.18544549,91.75615428,2016-11-01,2019-01-01,26.2,91.8
150,Gogal Madgaon,,South Goa,Goa,15.29056706,73.98886158,2015-12-01,2019-01-01,15.3,74.0
151,Gohaibari,,Guwahati,Assam,26.30293374,92.58102087,2016-11-01,2018-01-01,26.3,92.6
152,Gollapalle,,Prakasam,Andhra Pradesh,15.92544764,79.3970079,2016-01-01,2018-03-01,15.9,79.4
153,Golpark ,,Kolkata,West Bengal,22.5167072,88.366301,2014-11-01,2017-11-01,22.5,88.4
154,Gondaura,,Barabanki,Uttar Pradesh,27.09630203,81.37569039,2017-10-01,2019-01-01,27.1,81.4
155,Gondur,,Dhule,Maharashtra,20.96155658,74.700489,2015-08-01,2019-01-01,21.0,74.7
156,Gopalapuram,,Chennai,Tamil Nadu,13.05009581,80.25754225,2014-11-01,2019-01-01,13.1,80.3
157,Govardhanagiri Avadi,,Thiruvallur,Tamil Nadu,13.09925103,80.10779506,2018-03-01,2019-01-01,13.1,80.1
158,Guddiangadi,,Udupi,Karnataka,13.32082826,74.88097774,2014-12-01,2019-01-01,13.3,74.9
159,Guhagar (C),,Ratnagiri,Maharashtra,17.47825989,73.19755345,2017-02-01,2019-01-01,17.5,73.2
160,Guhagar (R),,Ratnagiri,Maharashtra,17.47825989,73.19755345,2017-02-01,2019-01-01,17.5,73.2
161,Guwahati Club,,Guwahati,Assam,26.18497,91.75817725,2016-11-01,2017-09-01,26.2,91.8
162,Gwartala Gairsain,,Chamoli,Uttarakhand,30.0532888,79.28725716,2016-10-01,2019-01-01,30.1,79.3
163,Haidergarh,,Barabanki,Uttar Pradesh,26.60598428,81.36501297,2017-12-01,2019-01-01,26.6,81.4
164,Halbhavi Camp,,Belgaum,Karnataka,15.88153813,74.5334616,2016-06-01,2019-01-01,15.9,74.5
165,Haqikatnagar Saharanpur,,Saharanpur,Uttar Pradesh,29.94763735,77.55201268,2016-11-01,2018-06-01,29.9,77.6
166,Harladih,,Giridih,Jharkhand,23.85133207,85.93987285,2017-04-01,2017-06-01,23.9,85.9
167,Harsinghpur,,Fatehpur,Uttar Pradesh,26.12067428,80.59367393,2016-12-01,2017-03-01,26.1,80.6
168,Hathroi,,Jaipur,Rajasthan,26.91611967,75.79675915,2015-10-01,2017-07-01,26.9,75.8
169,Hedayetpur,,Guwahati,Assam,26.18364731,91.75906671,2016-11-01,2018-12-01,26.2,91.8
170,Hindawadi,,Belgaum,Karnataka,15.83605197,74.51228034,2016-10-01,2019-01-01,15.8,74.5
171,Hiwarkhed (I) ,,Akola,Maharashtra,21.1326451,76.85742144,2014-10-01,2017-07-01,21.1,76.9
172,Hiwarkhed (R),,Akola,Maharashtra,21.1326451,76.85742144,2014-10-01,2019-01-01,21.1,76.9
173,Housila Nagar Faizabad,,Faizabad,Uttar Pradesh,26.76655016,82.12361026,2016-12-01,2017-10-01,26.8,82.1
174,Hudem,,Bellary,Karnataka,14.63328262,76.58160706,2017-02-01,2017-07-01,14.6,76.6
175,Husepur,,Fatehpur,Uttar Pradesh,26.04345549,80.50920134,2016-12-01,2018-12-01,26.0,80.5
176,Huzurpur road,,Kaisarganj,Uttar Pradesh,27.34788077,81.66906363,2017-10-01,2019-01-01,27.3,81.7
177,Huzurpur,,Bahraich,Uttar Pradesh,27.34788077,81.66906363,2017-10-01,2019-01-01,27.3,81.7
178,Hydel Colony Jhansi ,,Jhansi,Uttar Pradesh,25.45352549,78.56376981,2016-12-01,2017-07-01,25.5,78.6
179,Ibrahimpur,,Barabanki,Uttar Pradesh,27.13832396,81.25081405,2018-02-01,2019-01-01,27.1,81.3
180,Ichauli,,Sitapur,Uttar Pradesh,26.4635005,81.0234539,2016-06-01,2018-08-01,26.5,81.0
181,Idu ,,Udupi,Karnataka,13.15287848,75.1660996,2014-12-01,2016-01-01,13.2,75.2
182,Iggiri,,Bhopal,Madhya Pradesh,23.50765457,77.3544895,2017-03-01,2017-11-01,23.5,77.4
183,Ikkadu,,Thiruvallur,Tamil Nadu,13.15781815,79.91876158,2018-01-01,2018-06-01,13.2,79.9
184,Inayat Nagar,,Faizabad,Uttar Pradesh,26.62319483,81.96056744,2016-12-01,2017-10-01,26.6,82.0
185,Inder Vihar Dehradun,,Dehradun,Uttarakhand,30.3381115,78.04920053,2017-02-01,2019-01-01,30.3,78.0
186,Indirapuram,,Ghaziabad,Uttar Pradesh,28.6495333,77.3660208,2014-11-01,2019-01-01,28.6,77.4
187,Industrial Phase 1,,Chandigarh,Chandigarh,30.70467583,76.80437471,2015-07-01,2018-01-01,30.7,76.8
188,Industrial Phase 2 ,,Chandigarh,Chandigarh,30.70827795,76.80224965,2015-07-01,2017-07-01,30.7,76.8
189,Isri Bazar,,Giridih,Jharkhand,23.98414463,86.03354163,2017-04-01,2018-01-01,24.0,86.0
190,Jadavpur,,Kolkata,West Bengal,22.49472891,88.36585923,2017-03-01,2019-01-01,22.5,88.4
191,Jagatapur,,Bahraich,Uttar Pradesh,27.37874154,81.62153688,2017-11-01,2019-01-01,27.4,81.6
192,Jahanabad,,Fatehpur,Uttar Pradesh,26.10610659,80.35979467,2016-12-01,2017-06-01,26.1,80.4
193,Jamboti ,,Belgaum,Karnataka,15.68975536,74.37122143,2016-04-01,2019-01-01,15.7,74.4
194,Jamui ,,Jamui,Bihar,24.92896768,86.22520803,2015-07-01,2019-01-01,24.9,86.2
195,Jan Path,,Bhuvaneshwar,Odisha,20.27566667,85.83698172,2014-10-01,2019-01-01,20.3,85.8
196,Jangaon,,Warangal,Telangana,17.72888875,79.15961532,2015-08-01,2019-01-01,17.7,79.2
197,Jankipuram Lucknow,,Lucknow,Uttar Pradesh,26.92299605,80.95321602,2017-10-01,2019-01-01,26.9,81.0
198,Jayanagar,,Bengaluru Urban,Karnataka,12.93577812,77.59204706,2014-10-01,2017-07-01,12.9,77.6
199,Jayapur,,Varanasi,Uttar Pradesh,25.21124203,82.82179906,2015-10-01,2016-07-01,25.2,82.8
200,Jaydev Vihar,,Bhuvaneshwar,Odisha,20.30057101,85.81452204,2017-08-01,2019-01-01,20.3,85.8
201,Jhar Pahar Jhansi,,Jhansi,Uttar Pradesh,25.44225038,78.56122948,2016-11-01,2019-01-01,25.4,78.6
202,Jhauwa Khurd,,Sitapur,Uttar Pradesh,27.5384702,81.07630371,2016-07-01,2019-01-01,27.5,81.1
203,Jhinjhoni,,Chamoli,Uttarakhand,30.14944578,79.33587566,2016-11-01,2017-07-01,30.1,79.3
204,Jhundapura,,Noida,Uttar Pradesh,28.59743754,77.33143839,2018-01-01,2019-01-01,28.6,77.3
205,Joka,,Kolkata,West Bengal,22.45234038,88.29913698,2018-03-01,2019-01-01,22.5,88.3
206,Jori,,Saharsa,Bihar,25.87899664,86.59957886,2016-01-01,2019-01-01,25.9,86.6
207,JP Nagar ,,Bengaluru Urban,Karnataka,12.89026075,77.57904016,2014-10-01,2019-01-01,12.9,77.6
208,Jungle Chatti,,Chamoli,Uttarakhand,30.1164589,79.27721503,2016-10-01,2017-07-01,30.1,79.3
209,Juri Par Shanti Path,,Guwahati,Assam,26.15064383,91.70526885,2016-11-01,2017-11-01,26.2,91.7
210,Jyotishah Alampur,,Sitapur,Uttar Pradesh,27.37371545,80.86221775,2016-07-01,2018-02-01,27.4,80.9
211,Kadirabag 1 Ramnagar,,Barabanki,Uttar Pradesh,26.93882052,81.16980944,2017-10-01,2019-01-01,26.9,81.2
212,Kadiri,,Anantpur,Andhra Pradesh,14.12297816,78.16401492,2015-10-01,2019-01-01,14.1,78.2
213,Kadma,,Hazaribagh,Jharkhand,23.99430722,85.36546372,2017-04-01,2018-08-01,24.0,85.4
214,Kakadeo,,Kanpur,Uttar Pradesh,26.47664257,80.28372602,2015-08-01,2018-11-01,26.5,80.3
215,Kakatiya Nagar,,Hyderabad,Telangana,17.41615318,78.54180189,2014-10-01,2019-01-01,17.4,78.5
216,Kalindi Housing Estate,,Kolkata,West Bengal,22.61155988,88.39922385,2014-11-01,2015-12-01,22.6,88.4
217,Kalpataru Nagar ,,Nashik,Maharashtra,19.97722576,73.79887202,2014-10-01,2019-01-01,20.0,73.8
218,Kalyan Nagar,,Kurukshetra,Haryana,29.97182908,76.81950416,2015-07-01,2018-08-01,30.0,76.8
219,Kamatwade,,Nashik,Maharashtra,19.97357987,73.74642793,2015-07-01,2017-06-01,20.0,73.7
220,Kamhira Kathura ,,Sitapur,Uttar Pradesh,27.67764803,81.16810287,2016-07-01,2018-12-01,27.7,81.2
221,Kamkampalli,,Anantpur,Andhra Pradesh,14.66257736,77.59057063,2015-10-01,2017-07-01,14.7,77.6
222,Kamraj Nagar Avadi,,Thiruvallur,Tamil Nadu,13.10595941,80.09637953,2018-03-01,2019-01-01,13.1,80.1
223,Kanheri Sarap,,Akola,Maharashtra,20.63901912,77.04517719,2014-10-01,2019-01-01,20.6,77.0
224,Kanjaya,,Bahraich,Uttar Pradesh,27.26063676,81.66867452,2017-08-01,2019-01-01,27.3,81.7
225,Kanjwara,,Barabanki,Uttar Pradesh,26.99669522,81.16575139,2017-11-01,2019-01-01,27.0,81.2
226,Kankari,,Sitapur,Uttar Pradesh,27.64103297,81.18237785,2016-07-01,2019-01-01,27.6,81.2
227,Kannur,,Bijapur,Karnataka,17.03156921,75.70044593,2017-02-01,2019-01-01,17.0,75.7
228,Kanoongopura Bahraich,,Bahraich,Uttar Pradesh,27.57184831,81.60159172,2018-04-01,2019-01-01,27.6,81.6
230,Karkala ,,Udupi,Karnataka,13.21374823,74.99784371,2014-12-01,2015-11-01,13.2,75.0
231,Karsanda,,Barabanki,Uttar Pradesh,27.08583629,80.93317348,2017-11-01,2019-01-01,27.1,80.9
232,Karsood,,Palghar,Maharashtra,19.69334719,72.76918741,2016-07-01,2019-01-01,19.7,72.8
233,Kasbe Sukene,,Nashik,Maharashtra,20.07836363,74.01511779,2018-04-01,2019-01-01,20.1,74.0
234,Kasraila,,Barabanki,Uttar Pradesh,26.97940533,81.47930906,2017-11-01,2019-01-01,27.0,81.5
235,Kasrawad Basahat ,,Barwani,Madhya Pradesh,22.05284845,74.93825034,2014-11-01,2018-02-01,22.1,74.9
236,Katara Hills Bhopal,,Bhopal,Madhya Pradesh,23.19467351,77.48924005,2017-03-01,2017-09-01,23.2,77.5
237,Kaulagarh Dehradun,,Dehradun,Uttarakhand,30.35168868,78.00907672,2016-10-01,2019-01-01,30.4,78.0
238,Kedar Nagar Agra,,Agra,Uttar Pradesh,27.17550781,77.97348219,2016-11-01,2019-01-01,27.2,78.0
239,Keonjhar ,,Kendujhar,Odisha,21.64696343,85.60272104,2015-08-01,2016-10-01,21.6,85.6
240,Keshwari,,Giridih,Jharkhand,24.18644028,85.8389339,2017-04-01,2018-10-01,24.2,85.8
241,Kevai,,Fatehpur,Uttar Pradesh,25.93835257,80.56179129,2016-12-01,2018-02-01,25.9,80.6
242,Khade Bazar ,,Belgaum,Karnataka,15.86417694,74.51574681,2015-04-01,2018-07-01,15.9,74.5
243,Khadki,,Akola,Maharashtra,20.6668927,77.02253531,2014-10-01,2019-01-01,20.7,77.0
244,Khadpoli,,Ratnagiri,Maharashtra,17.51648464,73.59736559,2017-04-01,2018-08-01,17.5,73.6
245,Khaga,,Fatehpur,Uttar Pradesh,25.77195143,81.11057515,2016-12-01,2017-05-01,25.8,81.1
246,Khardah,,Kolkata,West Bengal,22.71308039,88.37930228,2014-11-01,2015-12-01,22.7,88.4
247,Khed Ratnagiri,,Ratnagiri,Maharashtra,17.72629055,73.40653707,2017-03-01,2019-01-01,17.7,73.4
248,Khindaura,,Sitapur,Uttar Pradesh,27.28494392,81.02379931,2016-07-01,2019-01-01,27.3,81.0
249,Khutehna,,Bahraich,Uttar Pradesh,27.46634038,81.73652139,2017-12-01,2018-05-01,27.5,81.7
250,Kirti Nagar ,,Akola,Maharashtra,20.69565165,77.01627657,2015-09-01,2019-01-01,20.7,77.0
251,Kondhanpur,,Pune,Maharashtra,18.34805063,73.79407913,2014-09-01,2019-01-01,18.3,73.8
252,Kotanka,,Anantpur,Andhra Pradesh,14.77188643,77.49890436,2014-10-01,2019-01-01,14.8,77.5
253,Kothi Bazar Hoshangabad,,Hoshangabad,Madhya Pradesh,22.75431779,77.73037436,2017-03-01,2019-01-01,22.8,77.7
254,Kotwa Dham,,Barabanki,Uttar Pradesh,26.98615473,81.51376795,2018-03-01,2018-09-01,27.0,81.5
255,Kovvur,,East Godavari,Andhra Pradesh,17.01344309,81.72812678,2016-01-01,2018-06-01,17.0,81.7
256,Kuchera,,Faizabad,Uttar Pradesh,26.65119357,81.99324821,2016-11-01,2017-03-01,26.7,82.0
257,Kumarheda,,Saharanpur,Uttar Pradesh,29.9664805,77.61926933,2016-12-01,2018-08-01,30.0,77.6
258,Kund Colony Gopeshwar,,Chamoli,Uttarakhand,30.41485295,79.31927836,2016-10-01,2018-03-01,30.4,79.3
259,Kundapur ,,Udupi,Karnataka,13.62373506,74.69346978,2014-12-01,2016-11-01,13.6,74.7
260,Kurmaura,,Bahraich,Uttar Pradesh,27.17463008,81.60360123,2017-10-01,2018-07-01,27.2,81.6
261,Kuthappakkam Cuddalore,,Cuddalore,Tamil Nadu,11.74985661,79.73353919,2018-03-01,2018-08-01,11.7,79.7
262,Lajpat Nagar,,South Delhi,Delhi,28.56885994,77.24254045,2015-03-01,2019-01-01,28.6,77.2
263,Lalpur Chowk,,Hazaribagh,Jharkhand,23.99485088,85.36535435,2017-08-01,2018-11-01,24.0,85.4
264,Loha Mandi Jhansi ,,Jhansi,Uttar Pradesh,25.45554671,78.56863171,2016-12-01,2017-07-01,25.5,78.6
265,Lokgram,,Kalyan,Maharashtra,19.22827285,73.12538943,2015-08-01,2017-10-01,19.2,73.1
266,Madhal,,Ratnagiri,Maharashtra,17.45448801,73.3485993,2017-04-01,2018-08-01,17.5,73.3
267,Mahabubnagar,,Raichur,Karnataka,16.21915339,77.35209598,2017-02-01,2019-01-01,16.2,77.4
268,Mahasi,,Bahraich,Uttar Pradesh,27.56342247,81.4125694,2018-01-01,2019-01-01,27.6,81.4
269,Mahawan,,Faizabad,Uttar Pradesh,26.71055754,82.13411848,2016-12-01,2017-02-01,26.7,82.1
270,Mahishi,,Saharsa,Bihar,25.85432828,86.46970867,2016-02-01,2017-09-01,25.9,86.5
271,Mahpura,,Saharsa,Bihar,25.83292159,86.45290734,2016-02-01,2017-10-01,25.8,86.5
272,Malakhedi road Hoshangabad,,Hoshangabad,Madhya Pradesh,22.7486164,77.75456385,2017-03-01,2019-01-01,22.7,77.8
273,Malakhedi,,Hoshangabad,Madhya Pradesh,22.7486164,77.75456385,2017-03-01,2019-01-01,22.7,77.8
274,Malcha Marg,,Central Delhi,Delhi,28.60169307,77.1860531,2015-03-01,2019-01-01,28.6,77.2
275,Mallapur ,,Hyderabad,Telangana,17.44395822,78.5805662,2015-09-01,2017-02-01,17.4,78.6
276,Malsi,,Chamoli,Uttarakhand,30.12516663,79.27515014,2016-10-01,2017-11-01,30.1,79.3
277,Malwada,,Palghar,Maharashtra,19.73234528,73.15178733,2016-07-01,2019-01-01,19.7,73.2
278,Mandideep,,Bhopal,Madhya Pradesh,23.09785035,77.51004172,2014-11-01,2018-11-01,23.1,77.5
279,Mandir Marg Gopeshwar ,,Chamoli,Uttarakhand,30.40719017,79.31941145,2016-11-01,2017-11-01,30.4,79.3
280,Mandwa,,Udaipur,Rajasthan,24.54602531,73.14407264,2016-05-01,2016-10-01,24.5,73.1
281,Mangulam Pattabiram,,Thiruvallur,Tamil Nadu,13.12718165,80.06590418,2018-01-01,2018-06-01,13.1,80.1
283,Manoj Market,,Saharsa,Bihar,25.87861055,86.59949303,2016-02-01,2018-09-01,25.9,86.6
284,Mansarovar,,Jaipur,Rajasthan,26.85385704,75.75888966,2015-10-01,2017-07-01,26.9,75.8
285,Manwan,,Sitapur,Uttar Pradesh,27.56419826,80.68044475,2016-07-01,2019-01-01,27.6,80.7
286,MarenHalli,,Bengaluru Urban,Karnataka,12.91546532,77.58870321,2015-07-01,2017-06-01,12.9,77.6
287,Marol,,Mumbai Suburban,Maharashtra,19.11618272,72.88149692,2015-04-01,2019-01-01,19.1,72.9
289,Masvanpur,,Kanpur,Uttar Pradesh,26.48267994,80.26221499,2015-07-01,2019-01-01,26.5,80.3
290,Mathana ,,Kurukshetra,Haryana,29.97997013,76.95497462,2015-09-01,2016-11-01,30.0,77.0
291,Mathura Bazar 1,,Balrampur,Uttar Pradesh,27.41420246,82.20215377,2017-08-01,2018-06-01,27.4,82.2
292,Mau Ranipur,,Jhansi,Uttar Pradesh,25.25152486,79.15103261,2016-12-01,2017-06-01,25.3,79.2
293,Mau Rural,,Jhansi,Uttar Pradesh,25.26020026,79.12046893,2016-12-01,2017-09-01,25.3,79.1
294,Mavli,,Udaipur,Rajasthan,24.78857098,73.97692311,2016-05-01,2019-01-01,24.8,74.0
295,Mayur Vihar (III),,East Delhi,Delhi,28.61471323,77.33278712,2015-05-01,2016-09-01,28.6,77.3
296,MCECHS Layout ,,Bengaluru Urban,Karnataka,13.07110596,77.62856324,2015-03-01,2017-07-01,13.1,77.6
297,Medilalpurva Baharaich,,Bahraich,Uttar Pradesh,27.72316945,81.49361491,2017-11-01,2018-07-01,27.7,81.5
298,Meerpet ,,Rangareddy,Telangana,17.32239317,78.53172208,2015-09-01,2017-05-01,17.3,78.5
299,Meerut Road Ghaziabad,,Ghaziabad,Uttar Pradesh,28.74899089,77.48969108,2017-02-01,2018-11-01,28.7,77.5
300,Menar,,Udaipur,Rajasthan,24.59223764,74.10415627,2016-05-01,2016-11-01,24.6,74.1
301,MG Road Ghaziabad,,Hapur,Uttar Pradesh,28.64535696,77.24395085,2015-12-01,2019-01-01,28.6,77.2
303,MIDC Ambad ,,Nashik,Maharashtra,19.95323787,73.73381515,2015-10-01,2018-06-01,20.0,73.7
304,MIDC Awadhan,,Dhule,Maharashtra,20.84557443,74.75540889,2015-07-01,2016-09-01,20.8,74.8
305,MIDC,,Akola,Maharashtra,20.68151603,77.05537099,2014-10-01,2018-07-01,20.7,77.1
306,Mihinpurwa,,Bahraich,Uttar Pradesh,28.06760757,81.2535122,2017-10-01,2019-01-01,28.1,81.3
307,Milkipur,,Faizabad,Uttar Pradesh,26.59239104,81.90789966,2016-12-01,2017-04-01,26.6,81.9
309,Mohipura ,,Barwani,Madhya Pradesh,22.06838831,75.11096222,2015-08-01,2016-04-01,22.1,75.1
310,Mohipura Farm,,Barwani,Madhya Pradesh,22.06838831,75.11096222,2015-10-01,2016-11-01,22.1,75.1
311,Mohol,,Solapur,Maharashtra,17.80872823,75.63894889,2014-09-01,2019-01-01,17.8,75.6
312,Moth,,Jhansi,Uttar Pradesh,25.73128313,78.95116389,2016-11-01,2018-11-01,25.7,79.0
313,Mudur ,,Udupi,Karnataka,13.80759804,74.87390303,2014-12-01,2018-06-01,13.8,74.9
314,Mughalsarai ,,Chandauli,Uttar Pradesh,25.28150515,83.11870732,2015-07-01,2016-09-01,25.3,83.1
315,Mukimpur,,Sitapur,Uttar Pradesh,27.25075327,80.85519513,2016-07-01,2018-04-01,27.3,80.9
316,Mukundapur Kolkata,,Kolkata,West Bengal,22.49347437,88.41301567,2018-03-01,2019-01-01,22.5,88.4
317,Muradpur ,,Sitapur,Uttar Pradesh,27.60418434,80.62787822,2017-09-01,2018-12-01,27.6,80.6
318,Nai Basti Bahraich,,Bahraich,Uttar Pradesh,28.2812349,81.1272525,2017-10-01,2019-01-01,28.3,81.1
319,Naipura,,Barabanki,Uttar Pradesh,26.93846546,81.19729659,2017-11-01,2018-10-01,26.9,81.2
321,Nandamuri Nagar,,Anantapur,Andhra Pradesh,14.67885861,77.56547934,2015-02-01,2017-11-01,14.7,77.6
322,Nanegaon,,Pune,Maharashtra,18.55094818,73.58012998,2014-10-01,2018-10-01,18.6,73.6
323,Narapally ,,Hyderabad,Telangana,17.4292017,78.62330504,2015-12-01,2017-04-01,17.4,78.6
324,Navalpura ,,Barwani,Madhya Pradesh,22.0382913,74.90196945,2015-08-01,2019-01-01,22.0,74.9
325,Nazirpura,,Bahraich,Uttar Pradesh,27.57041911,81.5851872,2017-12-01,2019-01-01,27.6,81.6
326,Nehru Nagar,,Chandauli,Uttar Pradesh,25.26237322,83.26196884,2015-07-01,2015-12-01,25.3,83.3
328,Netaji Nagar,,Chennai,Tamil Nadu,13.13121087,80.27937941,2016-01-01,2019-01-01,13.1,80.3
329,Nildoh,,Nagpur,Maharashtra,21.10965634,78.98795427,2015-09-01,2016-08-01,21.1,79.0
330,Nilje,,Dombivali,Maharashtra,19.15801697,73.08715902,2015-11-01,2018-07-01,19.2,73.1
331,Nimgaon Ketki ,,Pune,Maharashtra,18.08430183,74.91632929,2014-09-01,2016-04-01,18.1,74.9
332,Nippani,,Belgaum,Karnataka,16.41293923,74.38038666,2016-05-01,2019-01-01,16.4,74.4
333,Nurwaf Mohalla Tikaitnagar,,Barabanki,Uttar Pradesh,26.93900101,81.19437835,2017-12-01,2019-01-01,26.9,81.2
334,Nyas Colony Hoshangabad,,Hoshangabad,Madhya Pradesh,22.6201312,77.76999589,2017-03-01,2019-01-01,22.6,77.8
335,Okni,,Hazaribagh,Jharkhand,24.00030834,85.35222013,2018-02-01,2019-01-01,24.0,85.4
336,Om Shanti Nagar Jhansi,,Jhansi,Uttar Pradesh,25.4612246,78.58916695,2016-12-01,2019-01-01,25.5,78.6
337,Oriya,,Hazaribagh,Jharkhand,23.98303467,85.40358393,2017-04-01,2018-04-01,24.0,85.4
338,Ozar,,Nashik,Maharashtra,20.10242343,73.93613737,2018-04-01,2019-01-01,20.1,73.9
339,Pabal,,Pune,Maharashtra,18.83120008,74.05244874,2014-09-01,2019-01-01,18.8,74.1
340,Pachmori,,Akola,Maharashtra,20.70168093,77.02543736,2014-10-01,2018-07-01,20.7,77.0
341,Pahadpur,,Sitapur,Uttar Pradesh,27.49269748,80.73719433,2018-01-01,2018-11-01,27.5,80.7
343,Paisar Barabanki,,Barabanki,Uttar Pradesh,26.92593986,81.20634685,2017-11-01,2019-01-01,26.9,81.2
344,Palghar Town,,Palghar,Maharashtra,19.69424812,72.7650437,2016-07-01,2019-01-01,19.7,72.8
345,Palhari Barabanki,,Barabanki,Uttar Pradesh,26.9202864,81.22103776,2017-11-01,2019-01-01,26.9,81.2
346,Panchavati,,Udaipur,Rajasthan,24.60282837,73.6885581,2016-05-01,2017-07-01,24.6,73.7
347,Pandeypur,,Varanasi,Uttar Pradesh,25.35779612,82.99710418,2015-07-01,2018-03-01,25.4,83.0
348,Panki CF,,Kanpur,Uttar Pradesh,26.48198323,80.2442303,2014-11-01,2017-12-01,26.5,80.2
349,Panki,,Kanpur,Uttar Pradesh,26.48198323,80.2442303,2014-11-01,2017-11-01,26.5,80.2
350,Parai,,Udaipur,Rajasthan,24.18693586,73.68898834,2016-05-01,2017-06-01,24.2,73.7
351,Patan,,Palamu,Jharkhand,24.20221298,84.17861747,2018-01-01,2018-05-01,24.2,84.2
352,Patel Nagar Fatehpur ,,Fatehpur,Uttar Pradesh,25.92136536,80.81954853,2016-12-01,2018-03-01,25.9,80.8
353,Patharikuppam,,Cuddalore,Tamil Nadu,11.74811899,79.73552234,2018-03-01,2019-01-01,11.7,79.7
354,Pathauli,,Agra,Uttar Pradesh,27.16058568,77.93391097,2016-11-01,2019-01-01,27.2,77.9
355,Patrakar Colony,,Dhule,Maharashtra,20.9022309,74.76387223,2015-08-01,2019-01-01,20.9,74.8
356,Paud,,Pune,Maharashtra,18.52445709,73.6126899,2014-09-01,2019-01-01,18.5,73.6
358,Periyar Street Chidambaram,,Cuddalore,Tamil Nadu,11.40091365,79.68546278,2018-03-01,2019-01-01,11.4,79.7
359,Pichhodi ,,Barwani,Madhya Pradesh,21.69356496,74.95438324,2015-08-01,2017-10-01,21.7,75.0
360,Pimplekhuta ,,Akola,Maharashtra,19.72685999,77.19559707,2014-10-01,2016-06-01,19.7,77.2
361,Pimpri-Chinchwad,,Pune,Maharashtra,18.6406603,73.79110991,2014-09-01,2019-01-01,18.6,73.8
362,Pitampura,,North West Delhi,Delhi,28.70367187,77.12672014,2015-05-01,2018-10-01,28.7,77.1
363,Prem Nagar Jhansi,,Jhansi,Uttar Pradesh,25.4233168,78.53392789,2016-12-01,2018-04-01,25.4,78.5
365,Professor Colony,,Dhule,Maharashtra,20.91335246,74.77244767,2015-08-01,2018-06-01,20.9,74.8
366,Puraini,,Bahraich,Uttar Pradesh,27.2864325,81.58837827,2017-10-01,2018-11-01,27.3,81.6
367,Purnanagar,,Giridih,Jharkhand,24.12235072,86.31089342,2017-08-01,2018-11-01,24.1,86.3
368,Puthagaram Chennai,,Thiruvallur,Tamil Nadu,13.12051966,80.18972049,2018-03-01,2019-01-01,13.1,80.2
369,PWD Guest house road Gairsain,,Chamoli,Uttarakhand,30.05185878,79.28891312,2016-10-01,2019-01-01,30.1,79.3
370,Qazipura,,Bahraich,Uttar Pradesh,27.57594162,81.5895957,2017-11-01,2018-03-01,27.6,81.6
372,Rahul Nagar Bhopal,,Bhopal,Madhya Pradesh,23.09319908,77.52903704,2017-03-01,2019-01-01,23.1,77.5
373,Raibaug,,Belgaum,Karnataka,16.48955736,74.77307617,2016-04-01,2017-12-01,16.5,74.8
374,Raj Nagar,,Ghaziabad,Uttar Pradesh,28.68252029,77.44597752,2016-10-01,2019-01-01,28.7,77.4
375,Raja Bazar Nanpara,,Bahraich,Uttar Pradesh,27.86565607,81.50277643,2017-12-01,2019-01-01,27.9,81.5
376,Rajaji Nagar,,Bengaluru Urban,Karnataka,12.99482993,77.55242138,2015-07-01,2019-01-01,13.0,77.6
377,Rajendra Gunj Raichur,,Raichur,Karnataka,16.2301925,77.36033372,2017-12-01,2019-01-01,16.2,77.4
378,Ram Bagh Agra,,Agra,Uttar Pradesh,27.20766685,78.03983,2016-11-01,2017-04-01,27.2,78.0
379,Ram Nagar,,Udaipur,Rajasthan,24.34994832,73.73935461,2016-05-01,2016-10-01,24.3,73.7
380,Ramesh Nagar,,Bengaluru Urban,Karnataka,12.95871838,77.679547,2016-02-01,2019-01-01,13.0,77.7
381,Ramganj,,Jaipur,Rajasthan,26.91976711,75.83174848,2015-11-01,2017-07-01,26.9,75.8
382,Ramuapur Mahmoodabad,,Sitapur,Uttar Pradesh,27.56123129,80.68095973,2017-10-01,2018-09-01,27.6,80.7
383,Rani Chennamma Nagar,,Belgaum,Karnataka,15.82732121,74.48969111,2016-05-01,2017-07-01,15.8,74.5
384,Ranikhet road Gairsain ,,Chamoli,Uttarakhand,30.4842943,79.61679942,2016-10-01,2017-06-01,30.5,79.6
385,Rano Pali,,Faizabad,Uttar Pradesh,26.78711011,82.18811625,2016-11-01,2017-03-01,26.8,82.2
386,Rasuliya Hoshangabad,,Hoshangabad,Madhya Pradesh,22.73477556,77.72483934,2017-03-01,2017-05-01,22.7,77.7
387,Razole Village,,East Godavari,Andhra Pradesh,16.47702212,81.83956578,2016-02-01,2017-01-01,16.5,81.8
388,Refugee Colony,,Saharsa,Bihar,25.87523937,86.58178715,2016-02-01,2017-06-01,25.9,86.6
389,Renuka Nagar ,,Akola,Maharashtra,20.70650095,76.97871016,2015-09-01,2019-01-01,20.7,77.0
390,Retteri Chennai,,Chennai,Tamil Nadu,13.14345925,80.21146433,2017-12-01,2018-07-01,13.1,80.2
391,Rishibhumi Risia,,Bahraich,Uttar Pradesh,27.57413477,81.60198331,2017-10-01,2019-01-01,27.6,81.6
392,Sadar,,Nagpur,Maharashtra,21.16422385,79.07308303,2015-09-01,2019-01-01,21.2,79.1
393,Sadashiv Nagar,,Belgaum,Karnataka,15.8765877,74.50630578,2016-04-01,2019-01-01,15.9,74.5
394,Sahadatganj Faizabad,,Faizabad,Uttar Pradesh,26.76785353,82.11276038,2017-05-01,2017-08-01,26.8,82.1
395,Sahakar Marg,,Jaipur,Rajasthan,26.89096564,75.7943418,2015-11-01,2017-05-01,26.9,75.8
397,Saharsa Basti ,,Saharsa,Bihar,25.87868698,86.59957886,2016-02-01,2016-10-01,25.9,86.6
398,Sahastradhara road,,Dehradun,Uttarakhand,30.35436746,78.09554277,2016-10-01,2017-04-01,30.4,78.1
399,Sahdipur,,Sitapur,Uttar Pradesh,27.66678036,80.75108111,2017-09-01,2019-01-01,27.7,80.8
401,Sahibabad Industrial Area,,Ghaziabad,Uttar Pradesh,28.68066031,77.34718829,2015-12-01,2017-11-01,28.7,77.3
402,Sai,,Fatehpur,Uttar Pradesh,25.92283138,80.81817524,2016-12-01,2018-02-01,25.9,80.8
403,Sainikpuri,,Hyderabad,Telangana,17.49662598,78.56243799,2015-10-01,2019-01-01,17.5,78.6
404,Salaiya Bhopal,,Bhopal,Madhya Pradesh,23.1658681,77.44220119,2017-03-01,2019-01-01,23.2,77.4
405,Salgaon,,Hazaribagh,Jharkhand,23.99459337,85.31463521,2017-04-01,2018-04-01,24.0,85.3
406,Saliyana Gairsain,,Chamoli,Uttarakhand,30.48433368,79.56186778,2016-10-01,2018-04-01,30.5,79.6
407,Samariya,,Bahraich,Uttar Pradesh,27.5749337,81.60176874,2017-10-01,2018-05-01,27.6,81.6
408,Samata Nagar ,,Dhule,Maharashtra,20.87200941,74.76622135,2015-10-01,2016-12-01,20.9,74.8
409,Samneghat,,Varanasi,Uttar Pradesh,25.27521846,83.01062681,2015-10-01,2016-02-01,25.3,83.0
410,Samta Colony _Raipur,,Raipur,Chhattisgarh,21.24513803,81.61616194,2016-04-01,2019-01-01,21.2,81.6
412,Sangoni Kalan,,Bhopal,Madhya Pradesh,23.24634905,77.53322123,2017-02-01,2018-06-01,23.2,77.5
413,Sanjay Nagar,,Chandauli,Uttar Pradesh,25.26037383,83.25397963,2015-08-01,2017-10-01,25.3,83.3
415,Saraidih,,Palamu,Jharkhand,24.31436381,84.30889244,2017-04-01,2018-01-01,24.3,84.3
416,Sarang Talab ,,Varanasi,Uttar Pradesh,25.35040618,83.00657758,2015-07-01,2017-08-01,25.4,83.0
417,Saraswati Nagar Risiya,,Bahraich,Uttar Pradesh,27.5574939,81.58532876,2017-10-01,2019-01-01,27.6,81.6
418,Sariya,,Giridih,Jharkhand,24.18566969,85.89244786,2017-04-01,2018-11-01,24.2,85.9
419,Sarnath ,,Varanasi,Uttar Pradesh,25.37320631,83.02144427,2015-07-01,2016-08-01,25.4,83.0
420,Sarsa,,Bahraich,Uttar Pradesh,27.46186394,81.71920343,2018-04-01,2018-08-01,27.5,81.7
421,Sarwangi Mohalla Tikaitnagar,,Barabanki,Uttar Pradesh,26.93887969,81.19674639,2018-03-01,2019-01-01,26.9,81.2
422,Saswad,,Pune,Maharashtra,18.35003101,74.03204172,2014-09-01,2018-09-01,18.4,74.0
423,SavariyaPani,,Barwani,Madhya Pradesh,22.03761833,74.90402428,2015-08-01,2016-04-01,22.0,74.9
424,Sector 3,,Kurukshetra,Haryana,29.96258916,76.89098195,2015-07-01,2019-01-01,30.0,76.9
425,Sector 9,,Chandigarh,Chandigarh,30.74711954,76.79416745,2015-07-01,2019-01-01,30.7,76.8
426,Sector 28 ,,Chandigarh,Chandigarh,30.71698654,76.80399014,2015-07-01,2019-01-01,30.7,76.8
427,Sector 37,,Chandigarh,Chandigarh,30.73844752,76.75038474,2015-07-01,2019-01-01,30.7,76.8
428,Sector 56,,Gurgaon,Haryana,28.42442612,77.1004888,2014-09-01,2017-07-01,28.4,77.1
430,Shahabganj ,,Chandauli,Uttar Pradesh,25.09651918,83.26670079,2015-10-01,2018-06-01,25.1,83.3
431,Shakurpur,,West Delhi,Delhi,28.68715204,77.14107106,2014-09-01,2018-12-01,28.7,77.1
432,Shaniwarpeth,,Pune,Maharashtra,18.51872928,73.85150036,2014-09-01,2019-01-01,18.5,73.9
433,Sharda Nagar Faizabad,,Faizabad,Uttar Pradesh,26.76006844,82.12532771,2016-12-01,2017-07-01,26.8,82.1
434,Shastri Nagar,,Kanpur,Uttar Pradesh,26.46462607,80.30289581,2015-07-01,2017-05-01,26.5,80.3
435,Shingave,,Nashik,Maharashtra,19.7978385,74.55609799,2018-05-01,2019-01-01,19.8,74.6
436,Shirva ,,Udupi,Karnataka,13.21637453,74.8258241,2014-12-01,2016-02-01,13.2,74.8
437,Shiv Colony,,Nashik,Maharashtra,19.96149368,73.78261998,2015-07-01,2019-01-01,20.0,73.8
438,Shiv Mandir ,,Dombivali,Maharashtra,19.20924525,73.10052497,2015-08-01,2019-01-01,19.2,73.1
439,Shivaji Nagar,,Belgaum,Karnataka,15.8706654,74.52325322,2016-05-01,2019-01-01,15.9,74.5
440,Shivdaspura,,Jaipur,Rajasthan,26.70930131,75.89586662,2015-08-01,2017-11-01,26.7,75.9
441,Shivpur,,Varanasi,Uttar Pradesh,25.35725839,82.95550559,2015-08-01,2017-11-01,25.4,83.0
442,Shyam Nagar Bhopal,,Bhopal,Madhya Pradesh,23.1920071,77.39694737,2017-03-01,2019-01-01,23.2,77.4
444,Sidhauli Town,,Sitapur,Uttar Pradesh,27.2773774,80.83884062,2016-06-01,2019-01-01,27.3,80.8
445,Sikandarabad ,,Sitapur,Uttar Pradesh,27.95413888,80.49116187,2017-09-01,2018-11-01,28.0,80.5
446,Sikandra Agra,,Agra,Uttar Pradesh,27.21332243,77.94311909,2016-11-01,2019-01-01,27.2,77.9
447,Sindur Siyari,,Hazaribagh,Jharkhand,23.99289627,85.36297463,2017-04-01,2018-12-01,24.0,85.4
448,SirsiRoad ,,Jaipur,Rajasthan,26.91025371,75.68346579,2015-11-01,2018-08-01,26.9,75.7
449,Sonarpura Varanasi ,,Varanasi,Uttar Pradesh,25.29887727,83.00498373,2017-03-01,2017-12-01,25.3,83.0
450,Spurtank Road,,Chennai,Tamil Nadu,13.07076021,80.24739908,2014-10-01,2015-05-01,13.1,80.2
454,Sudna,,Daltonganj,Jharkhand,24.05570562,84.07135775,2017-04-01,2017-07-01,24.1,84.1
455,Sulindabad,,Saharsa,Bihar,25.85149503,86.60188842,2016-02-01,2016-10-01,25.9,86.6
456,Sumerpur,,Chamoli,Uttarakhand,30.01514624,79.30920404,2016-10-01,2019-01-01,30.0,79.3
457,Sundarpur ,,Varanasi,Uttar Pradesh,25.28611765,82.97921615,2015-07-01,2017-09-01,25.3,83.0
458,Supa ,,Pune,Maharashtra,18.33495247,74.37747361,2014-09-01,2018-04-01,18.3,74.4
460,Swaroop Nagar ,,Kanpur,Uttar Pradesh,26.48391994,80.31563726,2015-07-01,2016-03-01,26.5,80.3
461,T Nagar Chennai,,Kancheepuram,Tamil Nadu,13.04278157,80.2364651,2017-11-01,2019-01-01,13.0,80.2
462,Taj East Gate Road Agra ,,Agra,Uttar Pradesh,27.16477194,78.05755628,2016-11-01,2017-07-01,27.2,78.1
463,Takia Jarwal Kasba,,Bahraich,Uttar Pradesh,27.16486199,81.53894533,2017-10-01,2019-01-01,27.2,81.5
464,Talegaon,,Pune,Maharashtra,18.73078792,73.68054382,2014-09-01,2019-01-01,18.7,73.7
465,Tap Sipaha,,Barabanki,Uttar Pradesh,27.08384365,81.50595177,2017-11-01,2019-01-01,27.1,81.5
466,Tapadiya Nagar ,,Akola,Maharashtra,20.71856971,77.01140888,2015-10-01,2018-03-01,20.7,77.0
467,Tarinpur Sitapur,,Sitapur,Uttar Pradesh,27.57422287,80.6661764,2017-09-01,2018-12-01,27.6,80.7
468,Tarnaka,,Hyderabad,Telangana,17.42639703,78.53799481,2014-09-01,2019-01-01,17.4,78.5
469,Tarun Nagar,,Guwahati,Assam,26.16351084,91.77615552,2016-11-01,2019-01-01,26.2,91.8
470,Tedwadih,,Sitapur,Uttar Pradesh,27.56320917,80.68070226,2016-06-01,2018-09-01,27.6,80.7
471,Thana,,Udaipur,Rajasthan,24.6063798,73.69937465,2016-05-01,2017-05-01,24.6,73.7
472,Thandeswaranallur,,Cuddalore,Tamil Nadu,11.38623104,79.68356841,2018-03-01,2019-01-01,11.4,79.7
473,Thangaon,,Sitapur,Uttar Pradesh,27.45612644,81.24770093,2016-07-01,2019-01-01,27.5,81.2
474,Thendral Nagar Avadi,,Thiruvallur,Tamil Nadu,13.11249097,80.07098847,2018-03-01,2018-07-01,13.1,80.1
475,Theradi Kadai Street Chidambaram,,Cuddalore,Tamil Nadu,11.39970811,79.69653564,2018-03-01,2019-01-01,11.4,79.7
476,Thiruvetkalam,,Chidambaram,Tamil Nadu,11.39174408,79.71822982,2018-03-01,2019-01-01,11.4,79.7
478,Tilak Nagar Deharadun,,Dehradun,Uttarakhand,30.32236641,78.02756997,2017-03-01,2018-09-01,30.3,78.0
479,Tilak Nagar,,Nagpur,Maharashtra,21.14590328,79.05901137,2014-11-01,2019-01-01,21.1,79.1
480,TNHB colony Avadi,,Thiruvallur,Tamil Nadu,13.11303949,80.10200798,2018-03-01,2019-01-01,13.1,80.1
481,Topri,,Saharanpur,Uttar Pradesh,30.05765889,77.54634803,2016-11-01,2017-07-01,30.1,77.5
482,Udyambaug,,Belgaum,Karnataka,15.81974801,74.48942761,2016-05-01,2018-09-01,15.8,74.5
483,Ulubari,,Guwahati,Assam,26.17047434,91.75527138,2016-11-01,2018-04-01,26.2,91.8
484,University ,,Kurukshetra,Haryana,29.95388236,76.81789494,2015-07-01,2017-05-01,30.0,76.8
485,University Quarter,,Kurukshetra,Haryana,29.9514904,76.81882761,2015-07-01,2018-04-01,30.0,76.8
486,Uppal,,Hyderabad,Telangana,17.40433833,78.56353639,2015-11-01,2017-02-01,17.4,78.6
487,UPSIDC Site C Agra,,Agra,Uttar Pradesh,27.21251257,77.94393951,2016-11-01,2019-01-01,27.2,77.9
488,Vaishali Nagar,,Jaipur,Rajasthan,26.90679956,75.7398587,2015-11-01,2016-06-01,26.9,75.7
489,Vanaparty ,,Warangal,Telangana,17.95681616,79.6021226,2015-09-01,2018-09-01,18.0,79.6
490,Vasant Kunj,,South West Delhi,Delhi,28.52683739,77.1520799,2015-04-01,2017-05-01,28.5,77.2
491,Veerangana nagar,,Jhansi,Uttar Pradesh,25.46055828,78.60828575,2017-05-01,2018-07-01,25.5,78.6
492,Velachery Chennai,,Kancheepuram,Tamil Nadu,12.97898702,80.22101621,2017-11-01,2019-01-01,13.0,80.2
493,Vidya Nagar,,Hyderabad,Telangana,17.40617857,78.51240127,2015-08-01,2018-02-01,17.4,78.5
494,Vijay Laxmi Nagar Sitapur,,Sitapur,Uttar Pradesh,27.5656276,80.67910366,2018-01-01,2019-01-01,27.6,80.7
495,Vijay Nagar,,Hyderabad,Telangana,17.39429481,78.45101625,2014-09-01,2019-01-01,17.4,78.5
496,Vijaylakshmipuram Ambathur,,Thiruvallur,Tamil Nadu,13.12422962,80.15413992,2018-03-01,2019-01-01,13.1,80.2
498,Vikas Nagar,,Lucknow,Uttar Pradesh,26.89800576,80.96425856,2015-07-01,2019-01-01,26.9,81.0
499,Vinod Vihar Colony Saharanpur ,,Saharanpur,Uttar Pradesh,29.96391643,77.5567696,2016-12-01,2017-12-01,30.0,77.6
500,VPuram,,Hyderabad,Telangana,17.3254363,78.57317564,2015-11-01,2017-11-01,17.3,78.6
501,VSR Nagar Chidambaram,,Cuddalore,Tamil Nadu,11.40417555,79.68013647,2018-03-01,2019-01-01,11.4,79.7
502,VV Puram ,,Bengaluru Urban,Karnataka,12.95239718,77.57678966,2015-08-01,2017-02-01,13.0,77.6
503,Waddicherla ,,Warangal,Telangana,17.65772118,79.24469934,2015-09-01,2018-04-01,17.7,79.2
504,Wani ,914,Dhule,Maharashtra,20.88361053,74.76213979,2023-08-01,2024-01-01,20.9,74.8
505,Ward No 4,,Saharsa,Bihar,25.89401419,86.6152464,2016-02-01,2016-06-01,25.9,86.6
506,West cross street Chidambaram,,Cuddalore,Tamil Nadu,11.40207242,79.69116258,2018-01-01,2019-01-01,11.4,79.7
508,Yelahanka ,,Bengaluru Urban,Karnataka,13.11751591,77.59940714,2015-09-01,2019-01-01,13.1,77.6
509,Yellur,,Belgaum,Karnataka,15.78057293,74.52202273,2017-12-01,2019-01-01,15.8,74.5
510,Ziniret Chowk,,Udaipur,Rajasthan,24.57985421,73.69376192,2016-05-01,2017-01-01,24.6,73.7
511,Baldirai (E),,Sultanpur,Uttar Pradesh,26.46856501,81.89301569,2018-08-01,2019-01-01,26.5,81.9
512,Baldirai (W),,Sultanpur,Uttar Pradesh,26.46856501,81.89301569,2018-08-01,2019-01-01,26.5,81.9
513,Bikwajipur Parasin,,Sultanpur,Uttar Pradesh,26.11150736,82.6632338,2018-08-01,2019-01-01,26.1,82.7
514,Bikwajipur,,Sultanpur,Uttar Pradesh,26.25929168,82.06478227,2018-08-01,2019-01-01,26.3,82.1
515,Dhanaudi (E),,Sultanpur,Uttar Pradesh,26.25929168,82.06478227,2018-08-01,2019-01-01,26.3,82.1
516,Dhanaudi (W),,Sultanpur,Uttar Pradesh,26.25929168,82.06478227,2018-08-01,2019-01-01,26.3,82.1
517,Kharsoma (E) ,,Sultanpur,Uttar Pradesh,26.36980692,82.19009787,2018-08-01,2019-01-01,26.4,82.2
518,Kharsoma (N) Sultanpur,,Sultanpur,Uttar Pradesh,26.36980692,82.19009787,2018-11-01,2019-01-01,26.4,82.2
519,Kharsoma (S),,Sultanpur,Uttar Pradesh,26.36980692,82.19009787,2018-08-01,2019-01-01,26.4,82.2
520,Kharsoma (W) ,,Sultanpur,Uttar Pradesh,26.36980692,82.19009787,2018-08-01,2019-01-01,26.4,82.2
521,Oragadam Ambathur,,Thiruvallur,Tamil Nadu,13.13451391,80.15153182,2018-08-01,2019-01-01,13.1,80.2
522,Paraspatti (E),,Sultanpur,Uttar Pradesh,26.22408686,82.31538574,2018-08-01,2019-01-01,26.2,82.3
523,Paraspatti (W),,Sultanpur,Uttar Pradesh,26.22408686,82.31538574,2018-08-01,2019-01-01,26.2,82.3
524,Purehubba,,Sultanpur,Uttar Pradesh,26.25959975,82.06821549,2018-08-01,2019-01-01,26.3,82.1
525,Sukhbaderi,,Sultanpur,Uttar Pradesh,26.47551805,81.92078763,2018-08-01,2019-01-01,26.5,81.9
526,Tiwaripur (E),,Sultanpur,Uttar Pradesh,26.17889702,82.26594748,2018-08-01,2019-01-01,26.2,82.3
527,Tiwaripur (W),,Sultanpur,Uttar Pradesh,26.17889702,82.26594748,2018-08-01,2019-01-01,26.2,82.3
528,Uttardah,,Sultanpur,Uttar Pradesh,26.32187824,82.03788787,2018-08-01,2019-01-01,26.3,82.0
529,Sahakar Nagar,119,Pune,Maharashtra,18.48984534,73.84679158,2014-12-01,2024-01-01,18.5,73.8
530,Aundh,130,Pune,Maharashtra,18.55105111,73.80853932,2014-12-01,2024-01-01,18.6,73.8
531,PEG (Kothrud),137,Pune,Maharashtra,18.50166172,73.8223785,2014-12-01,2024-01-01,18.5,73.8
532,Ameerpet,171,Hyderabad,Telangana,17.43443761,78.45388323,2014-12-01,2024-01-01,17.4,78.5
533,Srirampura,212,Bengaluru,Karnataka,13.06873736,77.6148191,2014-12-01,2024-01-01,13.1,77.6
534,Sector 70,269,Sahibzada Ajit Singh Nagar,Punjab,30.69003032,76.70998706,2015-07-01,2022-08-01,30.7,76.7
535,Deopur,302,Dhule,Maharashtra,20.92002389,74.74999078,2015-08-01,2023-11-01,20.9,74.7
536,Prithvi Avenue,439,Chennai,Tamil Nadu,13.02986343,80.25359066,2016-04-01,2022-06-01,13.0,80.3
537,Bhopoli,464,Palghar,Maharashtra,19.76634446,72.98835982,2016-07-01,2021-01-01,19.8,73.0
538,Malwada,465,Palghar,Maharashtra,19.76116717,73.15349013,2016-07-01,2021-01-01,19.8,73.2
539,Rajdhani Masjid,499,Guwahati,Assam,26.14158989,91.78632608,2016-11-01,2024-01-01,26.1,91.8
540,Sri Ram Rang Pura,570,Bellary,Karnataka,15.28354838,76.64444763,2017-02-01,2022-12-01,15.3,76.6
541,Banjara Hills,673,Hyderabad,Telangana,17.4170613,78.44818246,2017-05-01,2024-01-01,17.4,78.4
542,Kapoorthla,704,Lucknow,Uttar Pradesh,26.90145217,80.94450466,2017-10-01,2024-01-01,26.9,80.9
543,Firozpur Suratganj,741,Barabanki,Uttar Pradesh,27.21073443,81.33403423,2018-03-01,2023-08-01,27.2,81.3
544,Saheed Nagar,749,Bhubaneswar,Odisha,20.29576995,85.84527015,2018-02-01,2024-01-01,20.3,85.8
545,Paigwa,764,Barabanki,Uttar Pradesh,27.09653607,81.21674915,2017-11-01,2023-03-01,27.1,81.2
546,Besant Nagar,849,Chennai,Tamil Nadu,13.00001241,80.26501864,2019-01-01,2022-05-01,13.0,80.3
547,Tezpur,863,Sonitpur,Assam,26.65998342,92.83001632,2021-05-01,2023-01-01,26.7,92.8
548,Bilasipara,864,Dhubri,Assam,26.23999073,90.22998355,2021-05-01,2023-03-01,26.2,90.2
549,Perka,867,Khunti,Jharkhand,23.00949427,85.26826748,2021-06-01,2023-12-01,23.0,85.3
550,Kolebira,873,Simdega,Jharkhand,22.70087113,84.69572953,2021-05-01,2024-01-01,22.7,84.7
551,Mahuadanr,874,Latehar,Jharkhand,23.39800775,84.10515873,2021-05-01,2022-06-01,23.4,84.1
552,Kothrud,875,Pune,Maharashtra,18.50972943,73.81414443,2021-05-01,2024-01-01,18.5,73.8
553,Nagaon,878,Nagaon,Assam,26.33976164,92.68035934,2021-09-01,2022-08-01,26.3,92.7
554,Borbheta,886,Jorhat,Assam,26.73515761,94.20370787,2018-02-01,2024-01-01,26.7,94.2
555,Alipur,887,Cachar,Assam,24.82003282,92.94001227,2019-11-01,2024-01-01,24.8,92.9
556,Kardaitola,888,Nalbari,Assam,26.38999574,91.4802288,2022-04-01,2024-01-01,26.4,91.5
557,Domadih,889,Godda,Jharkhand,24.78403827,87.35407837,2022-04-01,2024-01-01,24.8,87.4
558,Bhurkunda,890,Ramgarh,Jharkhand,23.65400894,85.35503601,2021-07-01,2023-12-01,23.7,85.4
559,Haider Nagar,891,Palamu,Jharkhand,24.48504314,83.94303459,2022-04-01,2022-09-01,24.5,83.9
560,Kairo,893,Lohardaga,Jharkhand,23.45216698,84.82469568,2022-04-01,2023-01-01,23.5,84.8
561,Zalim Khurd,898,Latehar,Jharkhand,23.7244326,84.56730294,2022-04-01,2024-01-01,23.7,84.6
562,Mihijam,899,Jamtara,Jharkhand,23.84836705,86.87752362,2022-04-01,2023-07-01,23.8,86.9
563,Netarhat,900,Latehar,Jharkhand,23.48806356,84.26202311,2022-04-01,2022-08-01,23.5,84.3
564,Chanho,901,Ranchi,Jharkhand,23.49019734,84.96997941,2022-04-01,2022-11-01,23.5,85.0
565,Lalmatia,902,Godda,Jharkhand,25.06687738,87.3545568,2022-04-01,2024-01-01,25.1,87.4
566,Satbarwa,903,Latehar,Jharkhand,23.92731244,84.25540034,2022-04-01,2024-01-01,23.9,84.3
567,Chouparan,904,Hazaribagh,Jharkhand,24.36018843,85.29303987,2022-04-01,2023-04-01,24.4,85.3
568,Amrit Nagar,905,Hazaribagh,Jharkhand,23.98962882,85.41046454,2022-04-01,2024-01-01,24.0,85.4
569,Dudhimati,906,Koderma,Jharkhand,24.46023615,85.5798743,2022-04-01,2023-10-01,24.5,85.6
570,Nichinta,909,Goalpara,Assam,26.09830818,90.55750904,2022-09-01,2023-07-01,26.1,90.6
571,Khatorbari,910,Baksa,Assam,26.69991397,91.65023869,2021-07-01,2023-05-01,26.7,91.7
